<?xml version="1.0" encoding="UTF-8"?>
<QCARConfig xmlns:xsi="http://www.w3.org/2001/XMLSchema-instance" xsi:noNamespaceSchemaLocation="qcar_config.xsd">
  <Tracking>
    <ImageTarget name="target10" size="1.000000 1.000000" />
    <ImageTarget name="target9" size="1.000000 1.000000" />
    <ImageTarget name="target8" size="1.000000 1.000000" />
    <ImageTarget name="target7" size="1.000000 1.000000" />
    <ImageTarget name="target6" size="1.000000 1.000000" />
    <ImageTarget name="target5" size="1.000000 1.000000" />
    <ImageTarget name="target4" size="1.000000 1.000000" />
    <ImageTarget name="target3" size="1.000000 1.000000" />
    <ImageTarget name="target2" size="1.000000 1.000000" />
    <ImageTarget name="target1" size="1.000000 1.000000" />
    <ImageTarget name="pccu2" size="480.000000 480.000000" />
    <ImageTarget name="pccu1" size="1.000000 1.000000" />
    <ImageTarget name="pccu" size="480.000000 480.000000" />
  </Tracking>
</QCARConfig>
